id,first_name,last_name,email,gender,ip_address
1,Thatch,Lello,tlello0@si.edu,Male,83.71.219.176
2,Merry,Shepeard,mshepeard1@spotify.com,Polygender,127.50.253.95
3,Shoshanna,Beggini,sbeggini2@cdbaby.com,Polygender,27.197.239.64
4,Ronald,Standell,rstandell3@sourceforge.net,Bigender,25.220.153.179
5,Beau,Doornbos,bdoornbos4@salon.com,Agender,98.231.133.172
6,Jesse,Gammons,jgammons5@disqus.com,Non-binary,175.185.0.181
7,Sukey,Camelia,scamelia6@senate.gov,Non-binary,4.33.62.64
8,Alaric,Jerrold,ajerrold7@ovh.net,Polygender,175.144.129.93
9,Mirabel,Benz,mbenz8@utexas.edu,Female,219.192.173.72
10,Wilona,Molesworth,wmolesworth9@rakuten.co.jp,Genderqueer,41.228.66.73
11,Conroy,Walpole,cwalpolea@scribd.com,Genderfluid,151.238.248.180
12,Guillermo,Coetzee,gcoetzeeb@pinterest.com,Polygender,93.242.212.148
13,Axel,Sybry,asybryc@delicious.com,Genderfluid,145.129.160.2
14,Merilee,Hawtin,mhawtind@rakuten.co.jp,Bigender,195.63.89.222
15,Abeu,Drissell,adrisselle@weibo.com,Agender,48.219.137.128
16,Freedman,Lyles,flylesf@washington.edu,Agender,254.160.178.189
17,Alfi,Eliyahu,aeliyahug@zimbio.com,Female,63.131.253.246
18,Valeda,Dewerson,vdewersonh@flavors.me,Non-binary,199.20.195.131
19,Milicent,Lambdin,mlambdini@nbcnews.com,Male,142.83.230.28
20,Netty,Brill,nbrillj@cbsnews.com,Polygender,218.88.78.196
21,Chandler,Hampshaw,champshawk@com.com,Female,7.223.220.15
22,Donal,Westphalen,dwestphalenl@prlog.org,Non-binary,173.37.31.75
23,Hadrian,Betts,hbettsm@sohu.com,Male,208.13.64.178
24,Derby,Filer,dfilern@sciencedirect.com,Non-binary,218.180.43.245
25,Waverley,Meanwell,wmeanwello@ning.com,Bigender,203.18.210.40
26,Brittni,Hesey,bheseyp@newyorker.com,Male,219.220.18.44
27,Lelah,Whaites,lwhaitesq@elegantthemes.com,Agender,56.62.223.193
28,Salem,Jakel,sjakelr@mozilla.com,Agender,140.158.98.7
29,Marena,O'Fogarty,mofogartys@youtu.be,Non-binary,229.172.110.198
30,Amalea,Seath,aseatht@imgur.com,Non-binary,80.216.141.98
31,Joelly,Sidebotton,jsidebottonu@surveymonkey.com,Female,154.137.38.90
32,Charline,Keddie,ckeddiev@goodreads.com,Female,43.77.89.236
33,Lucho,Boulden,lbouldenw@networkadvertising.org,Genderqueer,182.0.141.112
34,Arabel,Tetlow,atetlowx@vkontakte.ru,Genderqueer,190.81.202.120
35,Eliza,Atherton,eathertony@parallels.com,Bigender,115.24.201.125
36,Delphine,Dagger,ddaggerz@fotki.com,Non-binary,233.31.242.161
37,Kearney,Hollyman,khollyman10@scribd.com,Male,158.200.146.143
38,Fitz,Kelberman,fkelberman11@usatoday.com,Agender,215.71.2.136
39,Daune,Bee,dbee12@marketwatch.com,Non-binary,134.164.252.203
40,Erhard,Challicum,echallicum13@whitehouse.gov,Agender,178.129.9.165
41,Cherry,MacGuffog,cmacguffog14@telegraph.co.uk,Female,43.171.198.157
42,Jacqui,Dolman,jdolman15@macromedia.com,Agender,188.247.165.124
43,Ofella,Pasek,opasek16@joomla.org,Agender,6.151.143.235
44,Clarence,Ruggieri,cruggieri17@deviantart.com,Genderqueer,69.253.119.197
45,Rhetta,Loiterton,rloiterton18@feedburner.com,Agender,87.190.109.145
46,Anabal,Janouch,ajanouch19@disqus.com,Genderqueer,43.70.149.63
47,Ursulina,Balwin,ubalwin1a@upenn.edu,Male,201.93.110.16
48,Harris,Yann,hyann1b@census.gov,Non-binary,110.231.20.86
49,Shannon,Gerred,sgerred1c@telegraph.co.uk,Agender,229.212.114.142
50,Meta,Boggon,mboggon1d@pbs.org,Male,172.196.172.46
51,Jessy,Taleworth,jtaleworth1e@china.com.cn,Bigender,215.24.21.157
52,Erna,Hothersall,ehothersall1f@abc.net.au,Polygender,63.10.235.186
53,Lynnelle,Attwool,lattwool1g@yelp.com,Polygender,176.38.141.3
54,Culver,Webber,cwebber1h@gnu.org,Agender,55.131.25.58
55,Danika,Gover,dgover1i@cloudflare.com,Agender,97.208.82.96
56,Phineas,Reddington,preddington1j@redcross.org,Non-binary,182.15.69.38
57,Libbey,Bloxsome,lbloxsome1k@cafepress.com,Non-binary,16.174.165.241
58,Martica,Twigger,mtwigger1l@webeden.co.uk,Agender,167.134.214.248
59,Henriette,D'Onise,hdonise1m@addthis.com,Polygender,146.236.208.229
60,Shell,Giuroni,sgiuroni1n@indiegogo.com,Genderqueer,212.171.86.2
61,Brnaby,Lockwood,blockwood1o@google.nl,Genderfluid,98.163.49.149
62,Babara,Grcic,bgrcic1p@bloglovin.com,Polygender,72.203.150.118
63,Gusty,Darragh,gdarragh1q@ted.com,Non-binary,148.20.118.121
64,Hobart,Houlson,hhoulson1r@irs.gov,Polygender,166.150.229.89
65,Millie,Evangelinos,mevangelinos1s@ow.ly,Male,203.41.38.155
66,Ginni,Gealy,ggealy1t@illinois.edu,Bigender,160.113.115.71
67,Dyane,Killoran,dkilloran1u@jiathis.com,Female,172.101.156.68
68,Agnesse,Theaker,atheaker1v@spiegel.de,Agender,24.134.157.116
69,Bondon,McFater,bmcfater1w@ebay.com,Genderfluid,235.183.83.105
70,Keene,Bernardin,kbernardin1x@about.me,Genderfluid,228.21.61.90
71,Chrystal,Hamstead,chamstead1y@mlb.com,Non-binary,218.65.55.250
72,Brice,Vittore,bvittore1z@cnn.com,Non-binary,99.8.132.70
73,Vivian,Harradence,vharradence20@gov.uk,Genderfluid,218.139.50.3
74,Muhammad,Whatsize,mwhatsize21@economist.com,Female,219.171.8.118
75,Ivor,Godwyn,igodwyn22@sogou.com,Male,240.76.189.8
76,Tallie,Ben-Aharon,tbenaharon23@blogspot.com,Genderfluid,197.230.60.126
77,Augusta,Yeeles,ayeeles24@51.la,Male,140.102.138.28
78,Hyacinthie,Varley,hvarley25@comsenz.com,Non-binary,99.225.133.16
79,Celinda,Lockton,clockton26@amazon.de,Agender,97.58.121.154
80,Mal,Chidzoy,mchidzoy27@bandcamp.com,Polygender,180.181.116.28
81,Prue,Cocci,pcocci28@surveymonkey.com,Non-binary,126.32.215.241
82,Neale,Delamere,ndelamere29@stanford.edu,Genderqueer,237.108.92.152
83,Sharla,Humerstone,shumerstone2a@instagram.com,Polygender,81.18.203.0
84,Wanda,Ewington,wewington2b@bbb.org,Genderqueer,29.224.219.85
85,Hogan,Sumsion,hsumsion2c@ustream.tv,Agender,171.27.57.8
86,Carce,McArdell,cmcardell2d@list-manage.com,Agender,167.67.69.51
87,Tami,Stalley,tstalley2e@list-manage.com,Genderqueer,94.219.36.187
88,Blaine,Verriour,bverriour2f@salon.com,Bigender,206.213.234.74
89,Berte,Dami,bdami2g@mashable.com,Male,143.190.201.116
90,Gilles,Kearn,gkearn2h@ycombinator.com,Agender,41.150.179.19
91,Walt,Evenett,wevenett2i@alibaba.com,Female,34.133.109.253
92,Sydel,Caudray,scaudray2j@wiley.com,Non-binary,219.84.55.161
93,Brynn,Hayward,bhayward2k@4shared.com,Genderqueer,100.119.16.253
94,Sherm,Suthren,ssuthren2l@noaa.gov,Agender,222.188.70.42
95,Farica,Lutwidge,flutwidge2m@shareasale.com,Non-binary,219.160.8.216
96,Sileas,Labb,slabb2n@arstechnica.com,Bigender,226.130.20.39
97,Lou,Eastmead,leastmead2o@ft.com,Agender,60.221.244.198
98,Barbabra,Janek,bjanek2p@homestead.com,Genderqueer,243.109.131.237
99,Filberto,Tomala,ftomala2q@bandcamp.com,Genderfluid,189.94.138.216
100,Robinetta,Laurenz,rlaurenz2r@elegantthemes.com,Agender,112.158.221.129
101,Tymothy,Gilhool,tgilhool2s@pcworld.com,Genderfluid,13.100.86.154
102,Conrado,Berkeley,cberkeley2t@bing.com,Polygender,25.157.26.186
103,Emma,Gatrill,egatrill2u@vkontakte.ru,Polygender,61.142.181.74
104,Kevina,Heinke,kheinke2v@usda.gov,Genderqueer,196.117.158.152
105,Gerardo,Lehrian,glehrian2w@blogs.com,Genderfluid,21.170.196.110
106,Carmine,Grieswood,cgrieswood2x@nyu.edu,Polygender,56.158.211.183
107,Todd,Lethbury,tlethbury2y@simplemachines.org,Female,98.22.33.208
108,Aubrie,Sibille,asibille2z@tinyurl.com,Female,145.84.85.118
109,Geri,Cescoti,gcescoti30@springer.com,Genderqueer,167.26.159.103
110,Egan,Spinetti,espinetti31@histats.com,Genderfluid,147.113.203.116
111,Holly,Fears,hfears32@ucoz.com,Non-binary,157.211.201.122
112,Olenolin,Verson,overson33@csmonitor.com,Male,75.0.152.135
113,Conrado,Richly,crichly34@php.net,Non-binary,231.58.184.49
114,Lilas,Connew,lconnew35@mozilla.org,Bigender,116.78.25.129
115,Kitty,Midson,kmidson36@businessinsider.com,Polygender,94.57.171.25
116,Keir,Perceval,kperceval37@de.vu,Bigender,232.152.187.145
117,Terra,Winslade,twinslade38@sina.com.cn,Male,172.228.251.176
118,Gustav,Goodspeed,ggoodspeed39@geocities.jp,Male,73.240.39.145
119,Marrilee,Keat,mkeat3a@statcounter.com,Male,56.58.165.60
120,Clay,Borham,cborham3b@un.org,Polygender,137.75.77.163
121,Reade,Rayhill,rrayhill3c@wikipedia.org,Genderfluid,84.58.242.134
122,Marcel,Ridsdole,mridsdole3d@thetimes.co.uk,Male,162.183.87.122
123,Esra,Yerbury,eyerbury3e@nba.com,Female,193.253.185.125
124,Raquela,Strowthers,rstrowthers3f@cpanel.net,Genderfluid,223.253.205.241
125,Debbie,O'Callaghan,docallaghan3g@nymag.com,Polygender,62.18.41.48
126,Gayleen,Scading,gscading3h@businessinsider.com,Bigender,180.244.16.137
127,Maximilien,Atton,matton3i@bbc.co.uk,Male,100.197.60.249
128,Patience,Leivers,pleivers3j@hp.com,Agender,166.85.169.241
129,Rhys,Trevena,rtrevena3k@ifeng.com,Genderfluid,98.246.109.73
130,Corney,Aynsley,caynsley3l@quantcast.com,Agender,154.40.34.241
131,Anetta,Southerill,asoutherill3m@icq.com,Polygender,202.91.33.133
132,Marcia,Rotherham,mrotherham3n@redcross.org,Bigender,152.194.150.90
133,Haley,Dando,hdando3o@flavors.me,Female,12.112.208.198
134,Naomi,Drewell,ndrewell3p@yellowbook.com,Bigender,88.51.104.92
135,Erda,Barrington,ebarrington3q@auda.org.au,Polygender,98.59.58.84
136,Oriana,Rannigan,orannigan3r@list-manage.com,Bigender,162.99.108.107
137,Tristan,Wickett,twickett3s@feedburner.com,Non-binary,113.12.159.220
138,Tremayne,Tuckey,ttuckey3t@usgs.gov,Male,240.192.9.154
139,Miltie,Tweed,mtweed3u@japanpost.jp,Non-binary,142.120.183.106
140,Cassandre,Armfield,carmfield3v@moonfruit.com,Polygender,152.169.65.220
141,Wenonah,Akred,wakred3w@squarespace.com,Genderqueer,240.197.144.139
142,Kissee,Cottem,kcottem3x@seesaa.net,Male,36.250.251.100
143,Viviene,Kerrod,vkerrod3y@wisc.edu,Female,146.95.73.165
144,Bab,Lazare,blazare3z@slideshare.net,Polygender,143.216.94.46
145,Melody,Syrett,msyrett40@xing.com,Agender,254.254.4.29
146,Adelaide,Valentim,avalentim41@ucla.edu,Genderqueer,153.218.136.190
147,Ronny,Parsons,rparsons42@wix.com,Agender,132.168.134.205
148,Frasco,Maggs,fmaggs43@mapquest.com,Agender,232.246.140.199
149,Corette,Windebank,cwindebank44@mayoclinic.com,Genderfluid,251.77.138.33
150,Clemence,Mackison,cmackison45@trellian.com,Genderqueer,132.74.114.148
151,Gawain,Martyn,gmartyn46@google.com,Female,117.134.168.38
152,Skylar,Rhelton,srhelton47@comcast.net,Genderqueer,75.48.106.50
153,Sal,Sokale,ssokale48@instagram.com,Genderfluid,205.228.114.177
154,Sinclair,Tortoise,stortoise49@unicef.org,Polygender,166.116.161.235
155,Caye,Carhart,ccarhart4a@stumbleupon.com,Polygender,50.212.106.98
156,Leo,Millard,lmillard4b@vimeo.com,Male,76.26.7.122
157,Hector,Seccombe,hseccombe4c@tamu.edu,Genderqueer,120.2.71.136
158,Mellisent,Kloser,mkloser4d@blogs.com,Female,227.200.195.88
159,Timi,Kelley,tkelley4e@cam.ac.uk,Genderqueer,37.119.16.55
160,Preston,Orring,porring4f@sina.com.cn,Bigender,104.174.249.119
161,Roderigo,Lackham,rlackham4g@bigcartel.com,Non-binary,150.54.238.227
162,Mandi,Yakubov,myakubov4h@independent.co.uk,Male,144.228.86.217
163,Merill,Ambage,mambage4i@amazon.com,Polygender,224.233.195.180
164,Logan,Muston,lmuston4j@imdb.com,Genderqueer,211.80.25.94
165,Stephannie,Pawlicki,spawlicki4k@weibo.com,Polygender,46.69.8.110
166,Lyndsie,Buckner,lbuckner4l@msn.com,Bigender,196.85.125.1
167,Mathilda,Breward,mbreward4m@state.gov,Agender,26.129.71.112
168,Marius,Dunnett,mdunnett4n@indiatimes.com,Agender,26.35.186.198
169,Etienne,Danet,edanet4o@devhub.com,Male,253.196.77.52
170,Katheryn,Lawrie,klawrie4p@gizmodo.com,Agender,245.192.201.181
171,Beryle,Westrip,bwestrip4q@si.edu,Agender,132.53.221.159
172,Leyla,Hembery,lhembery4r@naver.com,Male,96.204.191.163
173,Danyelle,Turmel,dturmel4s@google.com.au,Genderqueer,165.202.135.216
174,Kenon,Hallet,khallet4t@nih.gov,Genderfluid,150.183.165.127
175,Flossy,Morkham,fmorkham4u@opera.com,Bigender,117.8.30.157
176,Georgena,Underdown,gunderdown4v@creativecommons.org,Male,48.11.85.31
177,George,Swinerd,gswinerd4w@pcworld.com,Bigender,47.54.221.240
178,Hermie,Sparshott,hsparshott4x@vimeo.com,Polygender,210.8.60.184
179,Hardy,Tessington,htessington4y@cyberchimps.com,Male,133.86.144.163
180,Nanni,Warrior,nwarrior4z@indiegogo.com,Non-binary,188.1.155.37
181,Elysha,McNee,emcnee50@sciencedaily.com,Agender,23.162.43.12
182,Worden,Seakings,wseakings51@stanford.edu,Polygender,179.152.127.233
183,Darrin,Rapson,drapson52@instagram.com,Genderqueer,167.129.172.231
184,Sabra,Sebastian,ssebastian53@friendfeed.com,Genderfluid,69.113.117.53
185,Kelbee,Castagne,kcastagne54@arizona.edu,Bigender,75.54.220.149
186,Bartel,Cleaveland,bcleaveland55@goo.ne.jp,Male,222.47.50.51
187,Merola,Morfett,mmorfett56@youku.com,Genderfluid,11.236.134.139
188,Delphine,Younger,dyounger57@freewebs.com,Genderfluid,29.23.83.237
189,Hamlen,Judkins,hjudkins58@pen.io,Male,210.232.5.39
190,Alida,Farndon,afarndon59@edublogs.org,Polygender,46.70.51.255
191,Carmencita,Castelijn,ccastelijn5a@java.com,Polygender,69.17.210.151
192,Cody,Kinghorn,ckinghorn5b@phoca.cz,Male,191.70.102.46
193,Burty,Skillen,bskillen5c@time.com,Agender,142.254.223.4
194,Trey,Abramof,tabramof5d@cnn.com,Female,196.10.125.97
195,Gradeigh,Shambroke,gshambroke5e@europa.eu,Non-binary,72.17.219.215
196,Leonid,Licence,llicence5f@123-reg.co.uk,Female,115.45.177.84
197,Hobey,Dowda,hdowda5g@gov.uk,Polygender,187.127.115.134
198,Salmon,Dwyr,sdwyr5h@wisc.edu,Male,155.122.75.25
199,Willi,Sporle,wsporle5i@accuweather.com,Female,244.70.19.174
200,Manuel,Durning,mdurning5j@prweb.com,Non-binary,157.58.234.114
201,Marcelo,Kornousek,mkornousek5k@google.co.uk,Polygender,253.107.165.24
202,Nady,Hourihan,nhourihan5l@springer.com,Bigender,160.247.116.32
203,Jedidiah,Drewry,jdrewry5m@ow.ly,Agender,89.101.72.220
204,Carmelia,Rhymer,crhymer5n@springer.com,Polygender,0.31.163.69
205,Loren,Bagniuk,lbagniuk5o@typepad.com,Male,251.58.244.243
206,Lyle,Scudamore,lscudamore5p@businessweek.com,Agender,142.120.104.188
207,Maible,McVicar,mmcvicar5q@bizjournals.com,Agender,211.156.170.213
208,Kerry,Ridgwell,kridgwell5r@biblegateway.com,Agender,238.37.61.9
209,Araldo,Tremlett,atremlett5s@smugmug.com,Agender,138.77.230.208
210,Easter,Richfield,erichfield5t@amazon.de,Non-binary,32.105.17.7
211,Timmie,Deddum,tdeddum5u@gnu.org,Female,4.133.175.138
212,Terrance,Moses,tmoses5v@acquirethisname.com,Male,53.52.18.215
213,Marina,Surgener,msurgener5w@soup.io,Non-binary,61.254.113.105
214,Irvin,Yggo,iyggo5x@japanpost.jp,Agender,118.56.247.235
215,Benedicto,Dinjes,bdinjes5y@fema.gov,Male,219.229.173.34
216,Gaynor,Cabane,gcabane5z@nationalgeographic.com,Non-binary,19.86.255.145
217,Ambrosi,O'Riordan,aoriordan60@marketwatch.com,Agender,194.53.107.29
218,Cesya,Duffell,cduffell61@ezinearticles.com,Polygender,164.220.252.201
219,Michelle,Guile,mguile62@yelp.com,Male,43.85.219.253
220,Darcy,Bechley,dbechley63@google.com,Agender,46.98.142.175
221,Tremain,Coveley,tcoveley64@icq.com,Non-binary,173.102.229.17
222,Nicko,Matussow,nmatussow65@skype.com,Agender,171.215.175.209
223,Saundra,Godney,sgodney66@phoca.cz,Genderfluid,119.72.224.77
224,Patricio,Stebbins,pstebbins67@europa.eu,Male,75.113.168.157
225,Abbye,Tummasutti,atummasutti68@webeden.co.uk,Non-binary,22.194.233.181
226,Carlie,Roston,croston69@dropbox.com,Agender,110.159.253.17
227,Harmonia,Hannay,hhannay6a@businesswire.com,Genderqueer,170.36.100.202
228,Lisha,De Launde,ldelaunde6b@virginia.edu,Genderfluid,36.98.55.202
229,Natka,Westwick,nwestwick6c@state.tx.us,Non-binary,170.167.212.24
230,Iggie,Jakab,ijakab6d@spiegel.de,Female,21.191.207.54
231,Cointon,Tallyn,ctallyn6e@irs.gov,Male,37.40.177.221
232,Prince,Shoemark,pshoemark6f@meetup.com,Bigender,193.140.56.98
233,Averil,Craigheid,acraigheid6g@xrea.com,Genderqueer,71.204.43.187
234,Vanessa,Doulton,vdoulton6h@wp.com,Genderfluid,204.181.173.9
235,Marion,Drexel,mdrexel6i@wsj.com,Polygender,247.211.137.112
236,Aaren,Andrag,aandrag6j@360.cn,Genderqueer,155.52.92.112
237,Amandie,Gryglewski,agryglewski6k@techcrunch.com,Genderfluid,233.78.161.109
238,Sabina,Mabon,smabon6l@hhs.gov,Bigender,73.2.56.69
239,Thaddeus,Botten,tbotten6m@wordpress.com,Male,35.77.193.1
240,Bernardina,Hydes,bhydes6n@pinterest.com,Polygender,20.224.0.203
241,Alix,Scrancher,ascrancher6o@va.gov,Genderfluid,153.176.28.128
242,Ab,Musprat,amusprat6p@arstechnica.com,Male,169.255.225.123
243,Fifi,Porcher,fporcher6q@dagondesign.com,Agender,240.72.234.24
244,Hinze,Scotchford,hscotchford6r@jugem.jp,Polygender,138.141.55.81
245,Aleta,Clewlowe,aclewlowe6s@oakley.com,Polygender,201.154.209.170
246,Dickie,Methley,dmethley6t@abc.net.au,Genderqueer,131.190.1.23
247,Emily,Westell,ewestell6u@ca.gov,Bigender,162.202.228.76
248,Karry,Offield,koffield6v@comcast.net,Non-binary,4.17.107.141
249,Fletcher,Thom,fthom6w@hp.com,Polygender,10.134.83.43
250,Mord,Loyndon,mloyndon6x@auda.org.au,Genderfluid,78.98.91.45
251,Maisey,MacGebenay,mmacgebenay6y@google.com.br,Non-binary,158.18.160.130
252,Lidia,Wavish,lwavish6z@csmonitor.com,Polygender,182.71.182.64
253,Lina,Rhucroft,lrhucroft70@mozilla.com,Polygender,85.35.178.181
254,Fan,Leynton,fleynton71@jimdo.com,Bigender,111.92.132.142
255,Blair,Clarae,bclarae72@topsy.com,Bigender,140.5.153.134
256,Dukey,Stiffell,dstiffell73@pinterest.com,Agender,240.79.44.25
257,Hartley,Hattrick,hhattrick74@mashable.com,Polygender,81.127.251.117
258,Ernestine,Palfree,epalfree75@ibm.com,Agender,36.97.169.129
259,Elaine,Logan,elogan76@1und1.de,Male,198.185.210.224
260,Julianna,Harrigan,jharrigan77@livejournal.com,Bigender,242.63.101.126
261,Carolina,Threadgill,cthreadgill78@bigcartel.com,Male,245.206.118.224
262,Ric,Fountaine,rfountaine79@drupal.org,Genderfluid,180.107.191.87
263,Bondie,Cough,bcough7a@wix.com,Non-binary,153.240.239.3
264,Hurlee,Samwell,hsamwell7b@dell.com,Polygender,248.221.206.19
265,Weston,Beresfore,wberesfore7c@foxnews.com,Bigender,15.95.90.61
266,Melloney,Cowgill,mcowgill7d@cyberchimps.com,Male,152.51.107.138
267,Xerxes,Cruft,xcruft7e@dell.com,Non-binary,10.254.123.156
268,Jackelyn,Ronald,jronald7f@wsj.com,Bigender,112.153.84.133
269,Milty,Dyott,mdyott7g@live.com,Genderfluid,50.184.137.146
270,Ilka,Girvan,igirvan7h@wikispaces.com,Polygender,142.239.8.144
271,Rosabella,D'Aulby,rdaulby7i@pen.io,Genderfluid,109.232.190.107
272,Frants,Murcutt,fmurcutt7j@vinaora.com,Male,118.228.114.235
273,Celeste,Chetter,cchetter7k@dailymail.co.uk,Bigender,44.150.236.229
274,Pansy,Reddington,preddington7l@odnoklassniki.ru,Genderqueer,175.1.91.225
275,Domeniga,Bullent,dbullent7m@umich.edu,Genderqueer,164.25.146.219
276,Lauretta,Forsyth,lforsyth7n@arstechnica.com,Male,118.49.203.105
277,Deeyn,Dilkes,ddilkes7o@altervista.org,Genderqueer,113.75.99.41
278,Farlee,Vigars,fvigars7p@bigcartel.com,Non-binary,74.6.245.231
279,Saloma,Larkins,slarkins7q@wikimedia.org,Non-binary,221.40.223.77
280,Martyn,Karlowicz,mkarlowicz7r@tinyurl.com,Female,119.41.153.37
281,Emmey,Ledwich,eledwich7s@sphinn.com,Polygender,75.227.61.130
282,Dagmar,Raywood,draywood7t@toplist.cz,Non-binary,213.240.248.194
283,Brandy,Skeats,bskeats7u@smugmug.com,Non-binary,17.172.184.157
284,Burl,Kirkam,bkirkam7v@mozilla.com,Genderqueer,212.52.58.220
285,Sheff,Fright,sfright7w@sakura.ne.jp,Bigender,45.87.162.71
286,Susan,Gusney,sgusney7x@homestead.com,Non-binary,204.222.34.89
287,Sumner,Arrighini,sarrighini7y@independent.co.uk,Polygender,34.48.234.175
288,Fleur,O'Doherty,fodoherty7z@example.com,Female,239.209.215.189
289,Craggie,Roostan,croostan80@dailymotion.com,Bigender,214.110.144.204
290,El,Chaff,echaff81@163.com,Male,32.145.11.191
291,Luke,Blakely,lblakely82@wsj.com,Genderfluid,41.177.139.104
292,Marlow,Marlen,mmarlen83@vinaora.com,Bigender,38.122.53.44
293,Giovanni,Gorry,ggorry84@people.com.cn,Genderqueer,154.64.79.216
294,Caty,Guess,cguess85@usnews.com,Non-binary,24.10.161.16
295,Dacie,Apfler,dapfler86@drupal.org,Genderqueer,166.134.190.222
296,Jared,Slany,jslany87@shop-pro.jp,Female,24.16.151.215
297,Edna,Wynter,ewynter88@cafepress.com,Bigender,234.84.178.251
298,Bail,Vardey,bvardey89@godaddy.com,Bigender,145.150.14.172
299,Jessamyn,Sibbit,jsibbit8a@odnoklassniki.ru,Genderfluid,35.86.9.29
300,Kala,Le Huquet,klehuquet8b@miitbeian.gov.cn,Male,212.205.247.99
301,Guido,Greensite,ggreensite8c@friendfeed.com,Male,118.82.38.15
302,Ophelia,Climar,oclimar8d@123-reg.co.uk,Male,21.28.43.180
303,Giusto,Domm,gdomm8e@wikispaces.com,Non-binary,53.203.11.225
304,Gib,Arlott,garlott8f@bbc.co.uk,Bigender,38.45.16.159
305,Mattias,Scholar,mscholar8g@dailymotion.com,Polygender,5.40.10.98
306,Terri-jo,Cuffin,tcuffin8h@nih.gov,Female,150.90.140.72
307,Joline,Landal,jlandal8i@constantcontact.com,Genderqueer,134.210.204.251
308,Donnell,Eatttok,deatttok8j@columbia.edu,Bigender,130.95.64.91
309,Land,Athowe,lathowe8k@java.com,Genderfluid,125.142.249.68
310,Ewen,Ashmore,eashmore8l@ifeng.com,Agender,244.227.2.228
311,Willis,Heddon,wheddon8m@wunderground.com,Male,77.185.212.250
312,Humberto,Philcox,hphilcox8n@kickstarter.com,Genderqueer,232.163.163.196
313,Craig,Fritzer,cfritzer8o@guardian.co.uk,Polygender,89.105.66.13
314,Dru,Coarser,dcoarser8p@barnesandnoble.com,Polygender,147.58.210.121
315,Dougy,Stuchbury,dstuchbury8q@google.com.br,Male,8.184.202.117
316,Shandeigh,Dimitrescu,sdimitrescu8r@sfgate.com,Agender,117.207.100.20
317,Eolande,Eldin,eeldin8s@chronoengine.com,Polygender,8.24.86.109
318,Jada,McIlwreath,jmcilwreath8t@imgur.com,Bigender,115.248.48.42
319,Marlene,Spadotto,mspadotto8u@nymag.com,Genderqueer,189.124.212.255
320,Tate,Daid,tdaid8v@ovh.net,Non-binary,205.189.164.204
321,Sophronia,Heggie,sheggie8w@auda.org.au,Bigender,70.37.218.198
322,Chere,Storie,cstorie8x@over-blog.com,Polygender,107.0.183.178
323,Hester,Gibb,hgibb8y@bigcartel.com,Agender,59.105.64.78
324,Lenka,Sahnow,lsahnow8z@photobucket.com,Non-binary,231.195.224.220
325,Glen,Headey,gheadey90@nih.gov,Genderfluid,13.225.9.91
326,Arnuad,Le Grand,alegrand91@cnn.com,Agender,238.88.135.171
327,Gustav,Smallwood,gsmallwood92@java.com,Polygender,124.141.178.237
328,Isak,Pulteneye,ipulteneye93@springer.com,Non-binary,201.247.119.109
329,Karon,Mabbs,kmabbs94@wp.com,Non-binary,140.91.199.82
330,Mireielle,Woodburne,mwoodburne95@diigo.com,Agender,210.102.194.207
331,Faythe,Medendorp,fmedendorp96@latimes.com,Polygender,121.4.199.10
332,Allyn,Gavan,agavan97@google.ca,Genderqueer,80.9.47.34
333,Evonne,Perrigo,eperrigo98@uol.com.br,Genderqueer,14.208.231.95
334,Ebony,Fairall,efairall99@admin.ch,Bigender,206.211.79.247
335,Kathie,Ary,kary9a@ehow.com,Non-binary,93.191.127.252
336,Lee,Weddeburn,lweddeburn9b@nyu.edu,Polygender,75.200.247.208
337,Ara,Mitskevich,amitskevich9c@house.gov,Genderfluid,120.80.240.129
338,Godwin,Armall,garmall9d@dion.ne.jp,Agender,88.101.210.166
339,Hilda,Aronstein,haronstein9e@biblegateway.com,Genderfluid,144.29.248.98
340,Kristoffer,Tetley,ktetley9f@shinystat.com,Non-binary,116.178.136.210
341,Kass,Duffell,kduffell9g@theguardian.com,Genderfluid,48.117.43.145
342,Darby,Muirden,dmuirden9h@arstechnica.com,Male,192.77.109.241
343,Doralin,Clarae,dclarae9i@answers.com,Female,89.228.182.78
344,Harriot,Colkett,hcolkett9j@bloglines.com,Polygender,185.24.147.234
345,Laurens,Pautard,lpautard9k@blinklist.com,Agender,183.133.87.175
346,Filide,Camerana,fcamerana9l@marketwatch.com,Female,91.222.170.165
347,Stephanie,Haycraft,shaycraft9m@themeforest.net,Genderqueer,234.127.190.33
348,Winston,Drohan,wdrohan9n@discuz.net,Female,128.85.19.157
349,Gregoor,Ouchterlony,gouchterlony9o@livejournal.com,Male,173.212.12.73
350,Giuseppe,Gullivent,ggullivent9p@archive.org,Genderqueer,96.239.229.193
351,Miles,Larvin,mlarvin9q@bing.com,Male,246.3.137.117
352,Jessie,Mantrup,jmantrup9r@baidu.com,Agender,252.23.150.5
353,Corrinne,Wardlow,cwardlow9s@devhub.com,Bigender,22.231.165.140
354,Lauraine,Haibel,lhaibel9t@bigcartel.com,Bigender,150.204.4.202
355,Land,Maharry,lmaharry9u@stanford.edu,Agender,219.52.244.205
356,Max,Caldero,mcaldero9v@pen.io,Agender,203.98.76.45
357,Yardley,Tattersill,ytattersill9w@about.com,Agender,187.73.159.53
358,Kaine,Snoddy,ksnoddy9x@dropbox.com,Non-binary,9.167.205.157
359,Abbey,Piercy,apiercy9y@jalbum.net,Non-binary,131.185.41.210
360,Eric,Ashborn,eashborn9z@imageshack.us,Female,252.164.9.202
361,Hyatt,Renneke,hrennekea0@taobao.com,Agender,116.195.40.245
362,Hope,Wandless,hwandlessa1@patch.com,Polygender,78.179.104.101
363,Zackariah,Sommerfeld,zsommerfelda2@ehow.com,Polygender,187.177.16.105
364,Caryl,Kunze,ckunzea3@simplemachines.org,Non-binary,6.216.189.34
365,Keen,Darnell,kdarnella4@list-manage.com,Bigender,91.192.238.191
366,Elana,Kellegher,ekelleghera5@networkadvertising.org,Non-binary,12.238.188.181
367,Adan,Volk,avolka6@vk.com,Agender,225.125.211.233
368,Igor,Scowcroft,iscowcrofta7@alexa.com,Genderqueer,55.42.188.101
369,Peterus,Merioth,pmeriotha8@examiner.com,Bigender,255.74.19.230
370,Thane,McGiffin,tmcgiffina9@usa.gov,Polygender,80.138.49.83
371,Aleen,Dudny,adudnyaa@java.com,Bigender,132.170.7.148
372,Rudd,Benson,rbensonab@reuters.com,Genderqueer,76.34.133.44
373,Sidney,Espinheira,sespinheiraac@princeton.edu,Genderqueer,0.33.4.81
374,Engelbert,Barenskie,ebarenskiead@kickstarter.com,Male,184.184.178.113
375,Karlen,Antley,kantleyae@devhub.com,Non-binary,132.130.230.27
376,Chandal,Higbin,chigbinaf@dedecms.com,Female,36.79.228.83
377,Leda,Mahaddy,lmahaddyag@cbc.ca,Bigender,138.238.212.242
378,Vick,Folbig,vfolbigah@furl.net,Male,132.166.28.142
379,Seumas,Schwant,sschwantai@instagram.com,Male,33.116.50.73
380,Kathe,Noke,knokeaj@imageshack.us,Male,29.170.106.245
381,Abdul,Bowyer,abowyerak@merriam-webster.com,Polygender,97.219.101.125
382,Jackie,Over,joveral@boston.com,Agender,37.23.203.247
383,Jenny,Poure,jpouream@timesonline.co.uk,Male,71.222.43.80
384,Swen,Jenkinson,sjenkinsonan@wufoo.com,Agender,144.155.105.223
385,Fayina,Grigoli,fgrigoliao@wired.com,Female,49.116.55.225
386,Tresa,Rizon,trizonap@unesco.org,Non-binary,118.227.204.181
387,Billie,Minshaw,bminshawaq@is.gd,Bigender,90.70.50.109
388,Elia,Gulvin,egulvinar@vinaora.com,Genderqueer,161.234.150.100
389,Burg,McGreary,bmcgrearyas@nasa.gov,Non-binary,39.0.37.109
390,Angelique,Daleman,adalemanat@independent.co.uk,Non-binary,194.82.200.21
391,Darcie,Linturn,dlinturnau@over-blog.com,Female,55.128.153.33
392,Min,Antonietti,mantoniettiav@squidoo.com,Bigender,69.218.236.238
393,Eustace,Burnel,eburnelaw@icq.com,Non-binary,153.209.75.193
394,Raina,Glynne,rglynneax@hubpages.com,Genderqueer,125.171.198.250
395,Witty,Sage,wsageay@springer.com,Agender,84.231.167.7
396,Marwin,Yeell,myeellaz@wordpress.org,Genderfluid,166.48.46.197
397,Billie,Drohun,bdrohunb0@istockphoto.com,Female,249.144.16.123
398,Douglass,Blanque,dblanqueb1@weibo.com,Bigender,65.8.126.131
399,Quinton,Gradon,qgradonb2@tamu.edu,Male,140.65.224.72
400,Jarred,Asch,jaschb3@sbwire.com,Non-binary,242.127.234.201
401,Winifield,Wickey,wwickeyb4@diigo.com,Polygender,96.135.127.226
402,Libbi,Guilloux,lguillouxb5@tripod.com,Male,147.60.165.30
403,Layton,Faunt,lfauntb6@ucoz.com,Genderfluid,26.235.109.78
404,Bidget,Kingett,bkingettb7@amazonaws.com,Bigender,137.207.219.224
405,Elissa,Vertey,everteyb8@un.org,Polygender,215.180.214.130
406,Arlette,Massard,amassardb9@last.fm,Agender,52.196.61.198
407,Binny,Eeles,beelesba@redcross.org,Polygender,38.90.112.115
408,Walden,Brewer,wbrewerbb@e-recht24.de,Genderqueer,235.120.203.179
409,Scarface,Brecknock,sbrecknockbc@wordpress.com,Agender,148.68.248.217
410,Enrichetta,Gowenlock,egowenlockbd@merriam-webster.com,Female,254.86.215.219
411,Lorena,Segeswoeth,lsegeswoethbe@edublogs.org,Genderfluid,61.13.153.90
412,Marcia,Banaszkiewicz,mbanaszkiewiczbf@uol.com.br,Bigender,30.151.30.37
413,Ax,Driffield,adriffieldbg@nasa.gov,Male,162.107.115.65
414,Chryste,Axup,caxupbh@php.net,Polygender,96.219.181.23
415,Les,Shales,lshalesbi@cnbc.com,Non-binary,234.135.81.199
416,Mireielle,Finn,mfinnbj@hao123.com,Genderqueer,211.52.73.49
417,Valry,MacComiskey,vmaccomiskeybk@etsy.com,Female,59.249.109.70
418,Angel,Astle,aastlebl@fastcompany.com,Female,231.234.8.60
419,Dorena,Whitty,dwhittybm@newyorker.com,Polygender,22.151.243.218
420,Shermie,d'Arcy,sdarcybn@dell.com,Agender,109.14.210.29
421,Paul,Parnby,pparnbybo@smh.com.au,Non-binary,218.124.249.227
422,Gilbert,Cocking,gcockingbp@google.it,Bigender,187.193.252.66
423,June,Acklands,jacklandsbq@taobao.com,Genderqueer,174.172.103.97
424,Thatch,Simister,tsimisterbr@arizona.edu,Female,174.65.162.107
425,Corny,Coche,ccochebs@t.co,Male,255.77.79.80
426,Ofilia,Samarth,osamarthbt@msu.edu,Bigender,242.95.50.196
427,Afton,Laurie,alauriebu@constantcontact.com,Male,175.84.200.54
428,Corabelle,Lumsden,clumsdenbv@shop-pro.jp,Polygender,37.84.189.42
429,Trenton,Pinnington,tpinningtonbw@nps.gov,Genderqueer,154.243.133.156
430,Byran,Knudsen,bknudsenbx@earthlink.net,Non-binary,213.128.6.176
431,Hester,Zanini,hzaniniby@nyu.edu,Female,79.213.211.64
432,Heidi,Bungey,hbungeybz@nps.gov,Male,106.98.154.29
433,Roberta,Uff,ruffc0@google.pl,Agender,141.2.41.229
434,Rozamond,Mankor,rmankorc1@army.mil,Genderfluid,251.175.38.127
435,Lanni,Kopje,lkopjec2@prlog.org,Genderfluid,117.232.69.232
436,Faina,Mackison,fmackisonc3@usa.gov,Bigender,178.189.11.56
437,Bren,Kretchmer,bkretchmerc4@dailymail.co.uk,Non-binary,219.129.41.37
438,Fawne,Basil,fbasilc5@dyndns.org,Polygender,96.172.179.145
439,Corney,Troucher,ctroucherc6@ovh.net,Genderfluid,87.153.5.128
440,Marcos,Olczak,molczakc7@mediafire.com,Female,250.246.96.65
441,Leodora,Grout,lgroutc8@prweb.com,Female,146.147.251.221
442,Christoffer,Abdey,cabdeyc9@oakley.com,Polygender,111.36.155.58
443,Vicky,Garry,vgarryca@plala.or.jp,Male,61.38.130.73
444,Rafaela,Lorraway,rlorrawaycb@npr.org,Non-binary,48.125.62.1
445,Jelene,Jossel,jjosselcc@unesco.org,Genderfluid,40.246.45.203
446,Elinore,Points,epointscd@soundcloud.com,Agender,12.147.209.153
447,Hayyim,Trillow,htrillowce@vimeo.com,Polygender,201.143.225.40
448,Joey,Drife,jdrifecf@exblog.jp,Bigender,186.107.45.86
449,Svend,Ollis,solliscg@qq.com,Non-binary,34.250.17.149
450,Carlee,Seniour,cseniourch@mapy.cz,Non-binary,146.178.222.49
451,Waring,Edmunds,wedmundsci@china.com.cn,Genderqueer,157.46.113.207
452,Ann-marie,Buzin,abuzincj@chronoengine.com,Genderqueer,154.102.207.156
453,Fredrick,Pinchbeck,fpinchbeckck@mapy.cz,Non-binary,122.201.147.12
454,Gretal,Rookledge,grookledgecl@sourceforge.net,Male,4.40.117.208
455,Kingsley,Giorio,kgioriocm@wordpress.org,Non-binary,116.211.182.125
456,Homere,Wailes,hwailescn@technorati.com,Polygender,181.185.132.12
457,Neysa,Bridgett,nbridgettco@imageshack.us,Genderfluid,140.160.46.217
458,Becka,Hutley,bhutleycp@slashdot.org,Female,212.51.71.33
459,Clay,Fountaine,cfountainecq@about.com,Polygender,93.35.227.123
460,Lionello,Darey,ldareycr@deliciousdays.com,Female,5.183.169.162
461,Hillary,Rainy,hrainycs@amazon.co.jp,Agender,141.252.245.76
462,Zachariah,Barrowclough,zbarrowcloughct@msn.com,Non-binary,236.195.96.132
463,Griffith,Dachey,gdacheycu@wp.com,Genderfluid,21.93.247.83
464,Stearn,Glenn,sglenncv@dyndns.org,Genderfluid,110.147.86.235
465,Boycie,Hoofe,bhoofecw@amazon.com,Genderfluid,106.57.149.225
466,Guenna,Romain,gromaincx@istockphoto.com,Genderfluid,92.38.90.199
467,Alicia,Urvoy,aurvoycy@ucsd.edu,Non-binary,59.37.11.244
468,Burg,Hinnerk,bhinnerkcz@nytimes.com,Male,15.217.53.112
469,Iona,Laroze,ilarozed0@chronoengine.com,Female,120.16.190.194
470,Liam,Szymanowski,lszymanowskid1@ow.ly,Male,39.177.177.88
471,Whittaker,Rudgerd,wrudgerdd2@cnet.com,Agender,11.160.173.115
472,Lauree,McNickle,lmcnickled3@china.com.cn,Genderqueer,218.14.217.84
473,Tirrell,Awde,tawded4@about.me,Bigender,219.108.211.144
474,Shelagh,Biddy,sbiddyd5@vk.com,Polygender,156.76.50.242
475,Orren,Stailey,ostaileyd6@geocities.jp,Bigender,16.252.26.189
476,Sawyer,Wickling,swicklingd7@cnet.com,Genderfluid,51.152.245.138
477,Tobit,Bernet,tbernetd8@reverbnation.com,Genderqueer,62.187.155.143
478,Winnie,Shipston,wshipstond9@cbsnews.com,Agender,246.240.56.177
479,Calhoun,Dominighi,cdominighida@gnu.org,Polygender,53.219.89.16
480,Lyssa,Rivers,lriversdb@people.com.cn,Non-binary,127.103.51.191
481,Christie,Verman,cvermandc@imdb.com,Non-binary,204.198.240.122
482,Zorine,Hamsher,zhamsherdd@t-online.de,Bigender,239.93.48.75
483,Claudianus,Asif,casifde@loc.gov,Bigender,57.53.108.206
484,Nadeen,Wittman,nwittmandf@loc.gov,Bigender,34.187.130.164
485,Haskel,Bollini,hbollinidg@fc2.com,Polygender,241.249.124.19
486,Marcello,Dumphries,mdumphriesdh@gnu.org,Bigender,159.207.246.70
487,Nathaniel,Bairstow,nbairstowdi@illinois.edu,Female,15.188.237.45
488,Wilmer,McGilbon,wmcgilbondj@sogou.com,Non-binary,90.250.237.211
489,Leela,Whittick,lwhittickdk@joomla.org,Bigender,149.42.207.196
490,Dorry,Sawbridge,dsawbridgedl@acquirethisname.com,Agender,50.94.192.128
491,Ulises,Fowell,ufowelldm@craigslist.org,Agender,202.107.25.177
492,Andee,Van de Vlies,avandevliesdn@moonfruit.com,Bigender,239.32.22.250
493,Winni,Dealy,wdealydo@zdnet.com,Male,190.219.46.209
494,Caddric,Skeldon,cskeldondp@si.edu,Female,200.164.52.75
495,Porter,Witter,pwitterdq@ow.ly,Bigender,72.63.185.83
496,Zebedee,Filkov,zfilkovdr@infoseek.co.jp,Polygender,186.248.92.244
497,Rhody,Vashchenko,rvashchenkods@godaddy.com,Polygender,115.213.189.110
498,Kingsley,Fenn,kfenndt@bbc.co.uk,Polygender,96.35.208.149
499,Sabina,Boddam,sboddamdu@yandex.ru,Non-binary,16.13.126.129
500,Marilin,Allinson,mallinsondv@freewebs.com,Genderfluid,125.95.17.120
501,Pat,Borris,pborrisdw@umich.edu,Polygender,59.75.162.164
502,Austine,Adolthine,aadolthinedx@prlog.org,Male,221.226.120.124
503,Dorice,Rowsel,drowseldy@amazonaws.com,Non-binary,10.184.203.247
504,Lulu,Crocket,lcrocketdz@foxnews.com,Agender,160.114.163.151
505,Raquela,Birkbeck,rbirkbecke0@networkadvertising.org,Agender,196.249.246.170
506,Clement,Badwick,cbadwicke1@altervista.org,Female,101.40.198.36
507,Stephani,Derill,sderille2@skype.com,Polygender,121.210.194.112
508,Robbi,Preston,rprestone3@ovh.net,Agender,231.250.58.145
509,Everard,Eason,eeasone4@telegraph.co.uk,Agender,111.152.81.185
510,Odette,Lovelock,olovelocke5@mayoclinic.com,Bigender,104.184.178.231
511,Cory,Carruth,ccarruthe6@homestead.com,Male,176.215.122.210
512,Isabeau,Gillett,igillette7@cbc.ca,Male,134.146.24.126
513,Sheilah,Snartt,ssnartte8@t.co,Male,13.228.168.203
514,Amity,Townsend,atownsende9@upenn.edu,Agender,115.14.94.153
515,Noreen,McWilliams,nmcwilliamsea@goo.gl,Female,224.206.185.254
516,Ella,Dimitru,edimitrueb@bizjournals.com,Male,51.157.108.159
517,Rahel,Millwater,rmillwaterec@cam.ac.uk,Genderfluid,190.152.97.207
518,Sapphire,Mandrake,smandrakeed@patch.com,Non-binary,82.58.166.230
519,Conchita,Evill,cevillee@vistaprint.com,Male,178.226.55.74
520,Rene,Hoyer,rhoyeref@comcast.net,Agender,200.53.219.229
521,Iggy,Tear,iteareg@netvibes.com,Polygender,5.29.165.49
522,April,Carren,acarreneh@sakura.ne.jp,Female,203.113.38.143
523,Philip,Dimmne,pdimmneei@sourceforge.net,Agender,25.138.76.147
524,Homere,Cobon,hcobonej@cnn.com,Agender,96.2.200.163
525,Abel,Lippatt,alippattek@harvard.edu,Polygender,133.8.52.112
526,Caspar,Tomczykiewicz,ctomczykiewiczel@google.nl,Agender,114.147.248.68
527,Hilly,Tinsey,htinseyem@npr.org,Polygender,70.33.92.131
528,Letti,Bunclark,lbunclarken@wikimedia.org,Female,107.153.152.113
529,Lanny,Grigorey,lgrigoreyeo@comsenz.com,Genderfluid,42.27.222.9
530,Anissa,Cleghorn,acleghornep@illinois.edu,Genderqueer,162.63.14.236
531,Lucho,Speaks,lspeakseq@blogspot.com,Male,248.216.70.107
532,Clyde,Brickstock,cbrickstocker@cbslocal.com,Non-binary,74.64.199.206
533,Mersey,Philliphs,mphilliphses@vimeo.com,Genderqueer,181.215.203.116
534,Candida,Dearnaley,cdearnaleyet@toplist.cz,Female,157.189.243.179
535,Libby,Ridsdale,lridsdaleeu@baidu.com,Female,62.159.236.165
536,Haydon,Cockerell,hcockerellev@epa.gov,Agender,85.26.26.227
537,Brok,Shillabear,bshillabearew@latimes.com,Bigender,128.162.115.0
538,Lusa,Pentecost,lpentecostex@nasa.gov,Agender,186.115.42.114
539,Rycca,Champney,rchampneyey@ameblo.jp,Genderqueer,193.12.178.177
540,Derron,Cranson,dcransonez@taobao.com,Genderfluid,212.201.83.132
541,Bette-ann,Oxborough,boxboroughf0@taobao.com,Bigender,87.13.37.61
542,Rodney,Lob,rlobf1@cloudflare.com,Male,232.196.18.24
543,Tracie,Goncalo,tgoncalof2@liveinternet.ru,Genderqueer,60.66.32.206
544,Virgil,Dowers,vdowersf3@com.com,Genderfluid,28.2.8.137
545,Alisa,Maple,amaplef4@tumblr.com,Polygender,54.91.179.24
546,Ambrosius,Ashfield,aashfieldf5@wiley.com,Agender,187.253.160.114
547,Bonni,Daudray,bdaudrayf6@mail.ru,Female,153.236.31.132
548,Darci,Whissell,dwhissellf7@google.de,Genderqueer,26.162.13.98
549,Elia,Puttrell,eputtrellf8@wsj.com,Male,35.230.188.186
550,Noelyn,Sawkins,nsawkinsf9@oaic.gov.au,Agender,176.70.95.106
551,Lindsay,Crathorne,lcrathornefa@instagram.com,Bigender,163.211.99.143
552,Cayla,Cardus,ccardusfb@icio.us,Agender,135.152.110.248
553,Clovis,Hardison,chardisonfc@unesco.org,Male,181.168.108.163
554,Crin,Labden,clabdenfd@marketwatch.com,Non-binary,239.174.241.89
555,Heidie,Elcocks,helcocksfe@salon.com,Female,139.58.109.87
556,Enrika,Dur,edurff@cafepress.com,Female,238.64.118.106
557,Cosme,Dureden,cduredenfg@abc.net.au,Male,253.16.4.212
558,Almira,Worden,awordenfh@mit.edu,Polygender,126.167.247.193
559,Hasty,Goranov,hgoranovfi@storify.com,Agender,212.55.82.117
560,Penny,Blaza,pblazafj@sakura.ne.jp,Bigender,24.248.33.75
561,Tabby,Lucey,tluceyfk@symantec.com,Agender,190.208.160.156
562,Kevyn,Woodeson,kwoodesonfl@vkontakte.ru,Male,210.192.57.69
563,Kellyann,Spring,kspringfm@si.edu,Agender,10.72.46.229
564,Gardiner,Bastide,gbastidefn@scientificamerican.com,Male,164.23.229.140
565,Lois,Thaller,lthallerfo@is.gd,Male,152.157.170.163
566,Beaufort,Rodway,brodwayfp@imdb.com,Male,193.179.58.190
567,Tova,Maidment,tmaidmentfq@vk.com,Bigender,148.200.178.54
568,Mercie,Reaveley,mreaveleyfr@netvibes.com,Female,38.173.197.108
569,Keven,Middlebrook,kmiddlebrookfs@unicef.org,Bigender,17.30.122.233
570,Tine,Oakshott,toakshottft@paginegialle.it,Bigender,104.17.199.45
571,Harriet,Gronaller,hgronallerfu@amazon.com,Bigender,77.183.206.31
572,Jyoti,Dutnell,jdutnellfv@reddit.com,Polygender,36.171.224.44
573,Rog,Givens,rgivensfw@moonfruit.com,Male,134.194.48.22
574,Sherwood,Turpie,sturpiefx@mac.com,Male,171.110.146.56
575,Gal,Gush,ggushfy@youku.com,Genderqueer,91.108.13.247
576,Otha,Freen,ofreenfz@ftc.gov,Non-binary,239.30.69.217
577,Anna-diane,Sykora,asykorag0@samsung.com,Genderqueer,41.145.20.7
578,Kaylee,Pinder,kpinderg1@apple.com,Male,4.249.212.119
579,Andreana,Clerke,aclerkeg2@hubpages.com,Female,52.103.203.44
580,Julina,Worling,jworlingg3@clickbank.net,Non-binary,206.102.248.94
581,Devin,Carmen,dcarmeng4@fda.gov,Agender,195.21.29.21
582,Carmencita,McFeate,cmcfeateg5@cnn.com,Genderqueer,106.31.7.74
583,Sheilah,Fairn,sfairng6@dedecms.com,Polygender,74.101.220.23
584,Norene,Domenc,ndomencg7@guardian.co.uk,Genderfluid,115.78.0.245
585,Julian,Tomsu,jtomsug8@mail.ru,Genderfluid,125.44.62.35
586,Lenard,Devonish,ldevonishg9@senate.gov,Genderqueer,48.65.211.90
587,Kiersten,Woodyeare,kwoodyearega@amazonaws.com,Agender,229.107.76.235
588,Brenna,Landall,blandallgb@ustream.tv,Agender,42.22.97.234
589,Juline,Bennit,jbennitgc@amazonaws.com,Female,8.93.41.217
590,Toni,Rackley,trackleygd@businesswire.com,Polygender,77.18.119.97
591,Shannen,Kees,skeesge@tmall.com,Genderfluid,62.148.118.26
592,Zola,Dancey,zdanceygf@jugem.jp,Genderqueer,177.119.145.151
593,Sansone,Lemonnier,slemonniergg@networksolutions.com,Agender,3.190.113.92
594,Cynde,Reignard,creignardgh@privacy.gov.au,Genderqueer,56.179.154.243
595,Morton,Abdey,mabdeygi@house.gov,Genderqueer,230.175.145.69
596,Jorgan,Arndtsen,jarndtsengj@bizjournals.com,Female,131.252.127.184
597,Sunny,Bugge,sbuggegk@nytimes.com,Non-binary,93.172.39.142
598,Judie,Boylin,jboylingl@cbslocal.com,Polygender,194.1.58.243
599,Glenn,Wilcockes,gwilcockesgm@dagondesign.com,Female,242.93.200.166
600,Blakelee,Fredy,bfredygn@bloglines.com,Genderqueer,213.125.67.151
601,Tommy,Anthon,tanthongo@usnews.com,Male,0.238.161.176
602,Auria,McShee,amcsheegp@g.co,Genderqueer,17.183.5.223
603,Salaidh,Labadini,slabadinigq@sourceforge.net,Non-binary,60.167.108.222
604,Doralia,Doreward,ddorewardgr@go.com,Agender,31.222.231.149
605,Storm,Knipe,sknipegs@telegraph.co.uk,Non-binary,41.107.58.0
606,Lucina,Ibanez,libanezgt@telegraph.co.uk,Agender,60.20.124.60
607,Revkah,Deport,rdeportgu@timesonline.co.uk,Male,155.84.156.20
608,Jessie,Lindwasser,jlindwassergv@patch.com,Genderfluid,80.246.213.26
609,Murry,Readshall,mreadshallgw@altervista.org,Agender,119.229.2.234
610,Augusta,Realff,arealffgx@psu.edu,Agender,245.45.29.213
611,Wilhelm,Ferres,wferresgy@apple.com,Genderfluid,32.168.244.23
612,Minnie,Viste,mvistegz@walmart.com,Agender,113.124.100.119
613,Ephrayim,Asken,easkenh0@icq.com,Polygender,43.112.22.34
614,Rodrick,O'Dowd,rodowdh1@sakura.ne.jp,Female,116.138.36.52
615,Brandon,Checcuzzi,bcheccuzzih2@flavors.me,Female,171.122.69.156
616,Sonya,Tenbrug,stenbrugh3@miibeian.gov.cn,Male,67.216.190.174
617,Diannne,Stoacley,dstoacleyh4@rediff.com,Female,39.153.163.79
618,Nat,Skrine,nskrineh5@prlog.org,Genderqueer,170.44.219.151
619,Tobias,Coorington,tcooringtonh6@arstechnica.com,Agender,103.141.250.118
620,Maureene,Jerromes,mjerromesh7@google.it,Genderqueer,214.238.233.109
621,Guido,Lebarree,glebarreeh8@pinterest.com,Bigender,213.106.232.122
622,Hyacinthia,Breckwell,hbreckwellh9@homestead.com,Genderfluid,155.103.115.119
623,Adelle,Widdowes,awiddowesha@blog.com,Genderfluid,161.240.197.209
624,Bastien,O'Hallihane,bohallihanehb@paypal.com,Agender,181.5.90.240
625,Maible,Flight,mflighthc@a8.net,Polygender,209.75.62.173
626,Anselm,Pett,apetthd@ocn.ne.jp,Genderfluid,91.27.247.203
627,Tamma,Bech,tbechhe@gnu.org,Non-binary,110.144.135.45
628,Mira,Noton,mnotonhf@techcrunch.com,Agender,201.120.38.244
629,Field,Wittke,fwittkehg@newyorker.com,Genderqueer,179.251.17.223
630,Dar,Skillicorn,dskillicornhh@army.mil,Female,79.158.160.19
631,Iosep,Mellmoth,imellmothhi@stumbleupon.com,Non-binary,141.25.54.185
632,Eryn,Scaife,escaifehj@ocn.ne.jp,Polygender,205.79.15.45
633,Ricki,Leonarde,rleonardehk@google.co.jp,Polygender,56.196.205.72
634,Ewell,Bigglestone,ebigglestonehl@mac.com,Bigender,134.115.73.6
635,Roshelle,Jaine,rjainehm@freewebs.com,Genderqueer,146.167.78.62
636,Addy,Mathiassen,amathiassenhn@yellowbook.com,Non-binary,89.175.40.76
637,Aylmar,Shore,ashoreho@smugmug.com,Genderfluid,239.66.64.70
638,Silvanus,Shotton,sshottonhp@blogs.com,Genderfluid,60.112.58.22
639,Jaclyn,Neubigging,jneubigginghq@economist.com,Polygender,119.195.210.103
640,Claus,Bootell,cbootellhr@purevolume.com,Agender,231.26.141.1
641,Jodie,Stolli,jstollihs@vk.com,Bigender,46.194.209.112
642,Bryana,Springtorp,bspringtorpht@hostgator.com,Polygender,33.165.93.148
643,Hatti,Dickey,hdickeyhu@home.pl,Genderqueer,22.111.189.11
644,Roddie,Lesly,rleslyhv@nyu.edu,Female,108.106.224.203
645,Bryon,Ivantyev,bivantyevhw@t-online.de,Non-binary,120.155.4.3
646,Tybi,Lemonby,tlemonbyhx@parallels.com,Genderfluid,169.146.20.159
647,Tammy,Lindegard,tlindegardhy@unblog.fr,Non-binary,238.89.128.194
648,Vanya,Ramsbottom,vramsbottomhz@google.co.jp,Female,18.80.8.168
649,Vera,Hinstock,vhinstocki0@ocn.ne.jp,Genderfluid,22.87.148.193
650,Edsel,Rickis,erickisi1@uol.com.br,Agender,201.204.240.56
651,Melisande,Arnaud,marnaudi2@dell.com,Genderqueer,132.146.221.68
652,Alic,Kellert,akellerti3@shinystat.com,Genderqueer,245.141.171.145
653,Francyne,Bearns,fbearnsi4@nasa.gov,Polygender,225.161.242.35
654,Carine,Hirsch,chirschi5@cornell.edu,Polygender,228.65.140.41
655,Hart,Eglise,heglisei6@smh.com.au,Agender,231.32.127.146
656,Mavra,Cutcliffe,mcutcliffei7@marketwatch.com,Female,230.47.175.73
657,Verine,Killough,vkilloughi8@acquirethisname.com,Polygender,186.183.148.189
658,Gerry,Brosio,gbrosioi9@behance.net,Bigender,217.136.187.60
659,Jolee,Lyffe,jlyffeia@alexa.com,Agender,57.16.84.35
660,Frieda,Demann,fdemannib@nba.com,Female,159.83.118.178
661,Karena,Baggs,kbaggsic@wikia.com,Bigender,255.119.61.204
662,Sheffie,Fenix,sfenixid@reddit.com,Genderqueer,91.170.126.101
663,Marlyn,Goodchild,mgoodchildie@geocities.jp,Male,50.237.51.100
664,Manolo,Mirando,mmirandoif@youku.com,Polygender,224.242.237.129
665,Lionello,Pencost,lpencostig@odnoklassniki.ru,Agender,14.31.248.71
666,Shoshana,Meryett,smeryettih@webmd.com,Bigender,216.207.203.165
667,Lacee,Weatherley,lweatherleyii@de.vu,Bigender,239.203.61.237
668,Jaquenetta,Frie,jfrieij@google.com,Female,144.69.44.150
669,Kermit,Seson,ksesonik@timesonline.co.uk,Bigender,119.155.167.201
670,Tan,Parvin,tparvinil@paypal.com,Polygender,216.234.33.52
671,Enoch,Uff,euffim@bigcartel.com,Genderqueer,123.20.248.24
672,Farleigh,Haselgrove,fhaselgrovein@mashable.com,Female,7.162.115.107
673,Laurent,Newell,lnewellio@deviantart.com,Genderqueer,102.237.0.28
674,Lil,Jalland,ljallandip@over-blog.com,Genderqueer,152.163.154.200
675,Lotty,Derell,lderelliq@abc.net.au,Non-binary,16.165.102.45
676,Anneliese,Bakhrushin,abakhrushinir@g.co,Genderfluid,40.12.90.163
677,Jeremy,Chetter,jchetteris@odnoklassniki.ru,Male,130.54.99.174
678,Damaris,Eynaud,deynaudit@aol.com,Non-binary,6.18.144.81
679,Jaime,Matelaitis,jmatelaitisiu@cargocollective.com,Polygender,52.40.30.60
680,Rosalinda,Climer,rclimeriv@sciencedirect.com,Bigender,186.152.126.231
681,Almire,King,akingiw@buzzfeed.com,Bigender,106.212.246.48
682,Vittoria,Tudor,vtudorix@wordpress.com,Genderfluid,57.141.15.133
683,Octavia,Jurn,ojurniy@naver.com,Genderfluid,72.163.67.50
684,Vinny,Triswell,vtriswelliz@cnbc.com,Polygender,106.181.114.60
685,Christoper,Hurle,churlej0@php.net,Genderfluid,64.226.117.117
686,Parker,Jedraszczyk,pjedraszczykj1@wikimedia.org,Genderqueer,219.25.73.49
687,Ellette,Loude,eloudej2@springer.com,Male,63.203.34.217
688,Brana,Fantin,bfantinj3@amazonaws.com,Polygender,185.24.125.186
689,Woodie,Cruden,wcrudenj4@apache.org,Genderqueer,60.162.117.181
690,Carrol,Prime,cprimej5@whitehouse.gov,Female,89.194.12.220
691,Andonis,Carillo,acarilloj6@jigsy.com,Female,41.146.168.85
692,Cobby,Nare,cnarej7@wiley.com,Genderfluid,173.138.235.239
693,Oliviero,Heed,oheedj8@senate.gov,Bigender,203.44.211.80
694,Ivette,Kneaphsey,ikneaphseyj9@webnode.com,Genderqueer,42.115.33.164
695,Blythe,Brandel,bbrandelja@yahoo.com,Female,254.253.25.110
696,Jo ann,Woolmington,jwoolmingtonjb@vk.com,Genderqueer,108.18.111.145
697,Jeni,Bassom,jbassomjc@arstechnica.com,Non-binary,222.219.77.130
698,Loydie,Alessandone,lalessandonejd@microsoft.com,Agender,211.197.131.27
699,Zitella,Hartland,zhartlandje@seattletimes.com,Non-binary,173.9.120.44
700,Brad,Simanenko,bsimanenkojf@sohu.com,Agender,154.179.166.148
701,Jacintha,Sneyd,jsneydjg@bluehost.com,Bigender,9.206.83.109
702,Waldo,Prichard,wprichardjh@blog.com,Genderqueer,18.241.78.114
703,Brina,Rumin,bruminji@sphinn.com,Bigender,2.94.38.8
704,Sheffield,Cottrell,scottrelljj@dot.gov,Bigender,162.116.17.161
705,Jehu,Ledamun,jledamunjk@google.de,Genderfluid,193.198.186.138
706,Clemmy,Real,crealjl@oaic.gov.au,Female,131.27.39.17
707,Thurston,Espinha,tespinhajm@free.fr,Genderfluid,177.102.78.186
708,Farlay,Traite,ftraitejn@freewebs.com,Genderfluid,74.180.197.116
709,Kain,Carnson,kcarnsonjo@tuttocitta.it,Non-binary,115.4.153.192
710,Obie,Prickett,oprickettjp@state.gov,Genderqueer,120.23.28.157
711,Klement,Pengelly,kpengellyjq@bigcartel.com,Genderfluid,51.44.206.229
712,Ardis,Kures,akuresjr@yolasite.com,Female,14.28.15.149
713,Alverta,Bartrap,abartrapjs@ucsd.edu,Genderqueer,188.221.18.101
714,Feliks,Sawfoot,fsawfootjt@sourceforge.net,Agender,175.176.196.72
715,Nicola,Matchitt,nmatchittju@chronoengine.com,Bigender,68.94.10.67
716,Blisse,Niesing,bniesingjv@etsy.com,Genderqueer,171.169.14.83
717,Edmund,Lante,elantejw@cisco.com,Genderfluid,5.169.53.32
718,Moises,Dingivan,mdingivanjx@dot.gov,Non-binary,96.163.76.39
719,Shelley,Leveridge,sleveridgejy@bloglines.com,Polygender,176.80.196.100
720,Raleigh,Ockland,rocklandjz@admin.ch,Non-binary,175.1.90.149
721,Melly,Shacklady,mshackladyk0@weather.com,Male,210.41.88.232
722,Kerrill,Buckler,kbucklerk1@wunderground.com,Genderfluid,239.119.127.144
723,Ulrick,Kield,ukieldk2@qq.com,Agender,178.53.30.220
724,Isadora,Cocke,icockek3@paypal.com,Polygender,231.166.4.6
725,Kingsley,Ciccetti,kciccettik4@mtv.com,Agender,52.240.98.55
726,Mikey,Ivanisov,mivanisovk5@biblegateway.com,Polygender,172.124.198.43
727,Rudyard,Pigeon,rpigeonk6@prlog.org,Bigender,240.103.203.71
728,Devlen,Liptrod,dliptrodk7@list-manage.com,Female,250.110.150.149
729,Eddie,Bromidge,ebromidgek8@webmd.com,Genderqueer,41.53.116.243
730,Lilly,Nanetti,lnanettik9@ed.gov,Male,249.151.204.28
731,Lari,Muglestone,lmuglestoneka@sun.com,Genderfluid,38.4.186.177
732,Coop,Cowill,ccowillkb@state.tx.us,Male,35.208.149.176
733,Ephrayim,Okey,eokeykc@cafepress.com,Non-binary,197.110.211.25
734,Almeda,Merigon,amerigonkd@surveymonkey.com,Male,186.177.220.18
735,Ginger,Branche,gbrancheke@google.com.au,Polygender,4.132.126.31
736,Prescott,Boullen,pboullenkf@nps.gov,Genderqueer,206.60.144.22
737,Bev,Dye,bdyekg@networkadvertising.org,Genderfluid,172.149.163.14
738,Tye,Hellcat,thellcatkh@google.com.hk,Agender,142.118.27.120
739,Agathe,Rosewarne,arosewarneki@wikimedia.org,Genderqueer,90.175.65.189
740,Jesus,Kemwall,jkemwallkj@gov.uk,Male,42.63.148.158
741,Bettye,Van den Broek,bvandenbroekkk@fda.gov,Bigender,53.157.57.154
742,Verene,Cuttings,vcuttingskl@bravesites.com,Male,77.225.189.233
743,Rem,Philippeaux,rphilippeauxkm@wikimedia.org,Male,95.233.165.240
744,Benjamen,Eytel,beytelkn@mapy.cz,Polygender,33.201.224.75
745,Doralin,Westfalen,dwestfalenko@issuu.com,Agender,177.64.208.30
746,Adair,Ibeson,aibesonkp@clickbank.net,Non-binary,172.233.119.186
747,Hermia,O' Markey,homarkeykq@mozilla.com,Non-binary,243.137.6.85
748,Shantee,Accum,saccumkr@g.co,Agender,107.33.76.106
749,Paco,Shillaber,pshillaberks@stumbleupon.com,Agender,63.194.170.169
750,Harlen,Rivel,hrivelkt@usatoday.com,Genderqueer,210.154.223.206
751,Lowell,Maggill'Andreis,lmaggillandreisku@foxnews.com,Female,178.153.159.97
752,Mollie,McCathy,mmccathykv@gmpg.org,Genderfluid,150.0.70.154
753,Barnaby,Monshall,bmonshallkw@dyndns.org,Female,100.188.49.23
754,Aldridge,McCalum,amccalumkx@digg.com,Agender,158.31.157.231
755,Ilise,Marwood,imarwoodky@usa.gov,Male,175.31.144.233
756,Nicoli,Bulter,nbulterkz@auda.org.au,Non-binary,245.126.255.107
757,Gerri,Gotthard.sf,ggotthardsfl0@addthis.com,Female,184.162.78.31
758,Brendon,Antognazzi,bantognazzil1@europa.eu,Genderqueer,87.155.186.64
759,Clemente,Siddaley,csiddaleyl2@abc.net.au,Bigender,210.81.62.22
760,Mortimer,Rilings,mrilingsl3@cmu.edu,Agender,5.87.13.229
761,Glynnis,Faldoe,gfaldoel4@usnews.com,Genderqueer,213.109.129.6
762,Ramsey,Pudge,rpudgel5@mediafire.com,Polygender,56.253.211.226
763,Jodi,Sharratt,jsharrattl6@cbc.ca,Agender,198.246.96.233
764,Miner,Weed,mweedl7@studiopress.com,Bigender,127.219.94.12
765,Irwin,Condit,iconditl8@army.mil,Genderfluid,190.201.6.253
766,Katuscha,Andrichak,kandrichakl9@vinaora.com,Polygender,254.242.16.91
767,Joscelin,Serfati,jserfatila@eventbrite.com,Genderqueer,70.24.143.17
768,Fraze,Bolt,fboltlb@artisteer.com,Bigender,44.152.32.215
769,Ruy,Pocklington,rpocklingtonlc@i2i.jp,Bigender,41.197.64.197
770,Randi,Lindfors,rlindforsld@wufoo.com,Genderqueer,102.57.59.79
771,Vanni,Erangey,verangeyle@bizjournals.com,Genderqueer,181.239.195.97
772,Marielle,Stent,mstentlf@amazonaws.com,Bigender,164.208.3.13
773,Gray,Brambill,gbrambilllg@youtube.com,Polygender,65.191.57.183
774,Corey,Roakes,croakeslh@smh.com.au,Bigender,98.225.42.168
775,Hillary,Thorrold,hthorroldli@goo.gl,Agender,86.141.57.84
776,Barnabe,Gagin,bgaginlj@unc.edu,Genderqueer,53.245.138.188
777,Ericka,Mebes,emebeslk@paypal.com,Non-binary,10.228.248.56
778,Shannon,Trotton,strottonll@angelfire.com,Female,58.211.158.99
779,Mallissa,Pudan,mpudanlm@mapquest.com,Agender,176.84.138.91
780,Suellen,Moyles,smoylesln@wordpress.org,Non-binary,130.108.242.23
781,Dixie,Boteman,dbotemanlo@oracle.com,Genderqueer,202.115.15.25
782,Tremaine,Sempill,tsempilllp@accuweather.com,Agender,24.164.113.91
783,Donna,Overshott,dovershottlq@dmoz.org,Genderqueer,218.232.209.179
784,Nicoli,Summerson,nsummersonlr@patch.com,Polygender,187.60.5.19
785,Hasheem,Auletta,haulettals@cpanel.net,Male,210.178.17.95
786,Cherida,Pawlick,cpawlicklt@t-online.de,Agender,186.221.23.74
787,Enos,Van Brug,evanbruglu@plala.or.jp,Female,141.141.51.84
788,Huntington,Brydson,hbrydsonlv@arizona.edu,Genderqueer,81.89.233.2
789,Fairleigh,Hellis,fhellislw@sbwire.com,Genderqueer,45.46.197.41
790,Kizzee,Markussen,kmarkussenlx@illinois.edu,Agender,128.26.74.69
791,Berni,Goater,bgoaterly@acquirethisname.com,Genderfluid,215.66.14.124
792,Celle,Breslau,cbreslaulz@odnoklassniki.ru,Female,120.166.93.211
793,Maurie,Degoix,mdegoixm0@webeden.co.uk,Agender,91.160.89.103
794,Bernardina,McCarroll,bmccarrollm1@uiuc.edu,Female,198.147.53.35
795,Lodovico,McNutt,lmcnuttm2@tinypic.com,Bigender,191.86.91.76
796,Abel,Cowdroy,acowdroym3@vimeo.com,Bigender,1.3.54.131
797,Alvy,Caulket,acaulketm4@shinystat.com,Bigender,120.138.82.38
798,Pren,Whitland,pwhitlandm5@mail.ru,Agender,53.133.44.194
799,Kylie,Hutchence,khutchencem6@tripod.com,Agender,117.71.99.249
800,Parsifal,McCurtin,pmccurtinm7@sciencedaily.com,Agender,175.159.58.96
801,Sinclare,Grimsdale,sgrimsdalem8@mozilla.com,Bigender,21.200.96.73
802,Anastassia,Grishinov,agrishinovm9@statcounter.com,Polygender,11.216.179.46
803,Janice,Swiffin,jswiffinma@hubpages.com,Female,88.170.4.118
804,Audi,Ferrino,aferrinomb@illinois.edu,Polygender,84.43.46.132
805,Chrystal,Tarry,ctarrymc@home.pl,Male,225.46.207.252
806,Igor,Bilton,ibiltonmd@e-recht24.de,Genderfluid,4.222.154.207
807,Margie,Matysik,mmatysikme@odnoklassniki.ru,Genderqueer,132.206.146.133
808,Stacy,Blueman,sbluemanmf@bloglovin.com,Non-binary,197.204.244.181
809,Larina,Mordey,lmordeymg@hibu.com,Genderqueer,64.207.208.124
810,Garwood,Krikorian,gkrikorianmh@liveinternet.ru,Genderfluid,243.210.79.125
811,Dorian,Godney,dgodneymi@va.gov,Genderfluid,211.26.104.135
812,Rosalynd,Poe,rpoemj@barnesandnoble.com,Male,56.224.93.13
813,Kati,Moxsom,kmoxsommk@sciencedaily.com,Genderfluid,149.92.161.100
814,Brnaba,Shelsher,bshelsherml@jimdo.com,Genderfluid,187.74.185.200
815,Margret,Yelden,myeldenmm@disqus.com,Male,51.12.251.217
816,Gavin,Vasyukhichev,gvasyukhichevmn@artisteer.com,Non-binary,8.135.186.189
817,Friederike,Huckfield,fhuckfieldmo@merriam-webster.com,Male,25.193.138.105
818,Patric,Maslen,pmaslenmp@instagram.com,Non-binary,196.135.1.232
819,Effie,Giroldi,egiroldimq@kickstarter.com,Genderqueer,100.97.157.89
820,Maribel,MacGettigen,mmacgettigenmr@irs.gov,Non-binary,224.137.126.87
821,Gay,Meenehan,gmeenehanms@furl.net,Polygender,73.88.238.9
822,Ragnar,Comellini,rcomellinimt@jiathis.com,Polygender,50.251.145.153
823,Sadye,Cossell,scossellmu@privacy.gov.au,Non-binary,204.253.249.184
824,Leilah,Baudassi,lbaudassimv@umich.edu,Bigender,154.8.223.7
825,Karlen,Okill,kokillmw@list-manage.com,Polygender,29.138.192.141
826,Bethany,Spreadbury,bspreadburymx@biglobe.ne.jp,Bigender,94.16.182.219
827,Hertha,Kilduff,hkilduffmy@pinterest.com,Bigender,150.1.184.152
828,Jarib,Deftie,jdeftiemz@epa.gov,Male,185.219.140.83
829,Merle,Chaudret,mchaudretn0@umn.edu,Genderqueer,218.114.32.225
830,Netta,Hussell,nhusselln1@prnewswire.com,Non-binary,91.60.189.84
831,Duncan,Mollison,dmollisonn2@mysql.com,Female,65.155.57.33
832,Elsy,Danielczyk,edanielczykn3@sphinn.com,Bigender,7.112.96.221
833,Amelia,De Biaggi,adebiaggin4@bbc.co.uk,Bigender,65.16.97.13
834,Oates,Handes,ohandesn5@geocities.jp,Polygender,247.193.165.184
835,Alicea,Beebis,abeebisn6@is.gd,Agender,172.255.214.231
836,Genvieve,Bails,gbailsn7@yellowbook.com,Female,152.84.155.24
837,Ora,Theurer,otheurern8@pen.io,Genderqueer,12.166.110.123
838,Shelley,Belchamber,sbelchambern9@craigslist.org,Non-binary,44.26.28.172
839,Penn,Davidof,pdavidofna@reverbnation.com,Genderqueer,90.127.241.193
840,Karlis,Kearton,kkeartonnb@cargocollective.com,Genderfluid,91.224.249.190
841,Ilka,Sumption,isumptionnc@devhub.com,Non-binary,11.219.127.25
842,Bone,Cairns,bcairnsnd@sphinn.com,Female,188.25.125.184
843,Justine,Marler,jmarlerne@csmonitor.com,Female,40.223.105.117
844,Jeremie,Baxstair,jbaxstairnf@indiegogo.com,Genderfluid,168.68.145.160
845,Farlee,Hendrichs,fhendrichsng@arizona.edu,Non-binary,247.164.44.42
846,Dulciana,O'Dogherty,dodoghertynh@ebay.co.uk,Non-binary,8.221.52.67
847,Cayla,Burnell,cburnellni@umich.edu,Bigender,112.56.152.10
848,Edin,Marler,emarlernj@mashable.com,Agender,190.205.70.69
849,Malina,Mottinelli,mmottinellink@patch.com,Genderqueer,169.251.64.228
850,Brigham,Beaten,bbeatennl@taobao.com,Genderfluid,42.226.85.147
851,Eddi,Sheircliffe,esheircliffenm@wikipedia.org,Bigender,128.41.62.172
852,Anya,Dubock,adubocknn@foxnews.com,Female,26.219.37.252
853,Letti,Ashdown,lashdownno@zdnet.com,Non-binary,203.39.148.187
854,Bryant,Garlinge,bgarlingenp@usatoday.com,Bigender,198.158.197.99
855,Anne-corinne,Colloff,acolloffnq@t.co,Agender,48.116.187.138
856,Giacopo,Wimpress,gwimpressnr@comcast.net,Non-binary,205.59.59.174
857,Wynny,Cutchie,wcutchiens@google.ru,Polygender,115.200.108.117
858,Dag,Prahl,dprahlnt@networkadvertising.org,Genderfluid,97.133.13.246
859,Glyn,Warham,gwarhamnu@storify.com,Non-binary,147.179.212.145
860,Gal,McOrkil,gmcorkilnv@smh.com.au,Polygender,160.224.95.119
861,Lucky,Bresland,lbreslandnw@example.com,Polygender,125.113.5.173
862,Jorie,Winmill,jwinmillnx@miitbeian.gov.cn,Female,35.141.5.160
863,Jacinda,Diggins,jdigginsny@ihg.com,Bigender,0.152.213.154
864,Erica,Kincade,ekincadenz@discovery.com,Bigender,220.70.72.10
865,Nariko,Huntingdon,nhuntingdono0@walmart.com,Agender,215.39.191.253
866,Berenice,Brayne,bbrayneo1@delicious.com,Polygender,158.90.45.241
867,Jessi,Allnutt,jallnutto2@miitbeian.gov.cn,Non-binary,133.122.68.158
868,Harriott,Graeser,hgraesero3@cnn.com,Agender,26.16.161.25
869,Mata,Loade,mloadeo4@artisteer.com,Polygender,129.19.188.134
870,Paquito,Bernardet,pbernardeto5@ucla.edu,Female,0.252.138.41
871,Ardyth,Childes,achildeso6@hhs.gov,Polygender,172.131.30.142
872,Langsdon,Knoles,lknoleso7@alexa.com,Female,235.65.85.246
873,Wendell,Reitenbach,wreitenbacho8@hexun.com,Polygender,181.110.13.161
874,Zara,Dagleas,zdagleaso9@yale.edu,Agender,137.1.220.3
875,Portia,Zaniolo,pzaniolooa@apple.com,Bigender,27.199.243.52
876,Sylas,Redihough,sredihoughob@shop-pro.jp,Male,35.64.215.251
877,Murvyn,Meace,mmeaceoc@dell.com,Bigender,30.9.27.7
878,Cloe,Corby,ccorbyod@sphinn.com,Bigender,202.118.231.126
879,Barnabas,Banat,bbanatoe@disqus.com,Female,17.84.66.38
880,Margarethe,Frensch,mfrenschof@arstechnica.com,Polygender,126.66.89.101
881,Thia,Blune,tbluneog@biglobe.ne.jp,Non-binary,228.140.169.106
882,Roda,Bice,rbiceoh@delicious.com,Non-binary,118.95.201.35
883,Joline,Glanton,jglantonoi@marketwatch.com,Female,239.93.159.40
884,Alfie,Norrie,anorrieoj@who.int,Female,217.153.7.87
885,Benji,Maggs,bmaggsok@ucsd.edu,Genderfluid,205.23.227.57
886,Sophey,Sinnat,ssinnatol@wufoo.com,Agender,57.21.238.174
887,Ferris,Samuel,fsamuelom@google.co.uk,Agender,52.118.126.31
888,Reinwald,Crenage,rcrenageon@hostgator.com,Female,59.127.190.74
889,Hestia,Doohan,hdoohanoo@nyu.edu,Agender,236.205.106.212
890,Judas,Gayne,jgayneop@gravatar.com,Bigender,70.203.59.22
891,Angelo,Greenleaf,agreenleafoq@blinklist.com,Genderfluid,163.131.98.85
892,Clevie,Reaney,creaneyor@nymag.com,Female,9.235.25.190
893,Demetris,Andrag,dandragos@baidu.com,Male,145.246.141.139
894,Zaneta,Coltman,zcoltmanot@tuttocitta.it,Agender,186.140.128.168
895,Alexina,Crauford,acraufordou@hud.gov,Polygender,70.195.149.65
896,Winthrop,Penticost,wpenticostov@ft.com,Female,219.210.24.75
897,Gabriellia,Kinnen,gkinnenow@mozilla.org,Genderqueer,99.131.5.167
898,Josefina,Widd,jwiddox@marriott.com,Genderqueer,227.20.44.170
899,Kati,Walkingshaw,kwalkingshawoy@blogtalkradio.com,Polygender,107.155.187.156
900,Henrietta,Cammacke,hcammackeoz@g.co,Genderfluid,52.22.103.166
901,Obie,Grinaway,ogrinawayp0@ovh.net,Bigender,44.133.138.209
902,Theadora,Bette,tbettep1@mail.ru,Male,142.213.18.78
903,Odie,Basey,obaseyp2@wufoo.com,Agender,18.153.44.92
904,Laurent,Brodbin,lbrodbinp3@ask.com,Male,76.36.55.236
905,Bear,Hickisson,bhickissonp4@163.com,Male,236.92.125.121
906,Julienne,Baraja,jbarajap5@imageshack.us,Bigender,81.104.216.151
907,Page,Print,pprintp6@nsw.gov.au,Agender,59.122.196.122
908,Gigi,Crookall,gcrookallp7@wisc.edu,Agender,186.131.74.83
909,Merrel,Cadwaladr,mcadwaladrp8@reverbnation.com,Genderfluid,205.48.103.236
910,Margarette,Walcher,mwalcherp9@gmpg.org,Bigender,51.78.38.143
911,Brant,Fishburn,bfishburnpa@hp.com,Genderfluid,215.65.40.254
912,Alyss,de Vaen,adevaenpb@bravesites.com,Genderqueer,137.104.192.231
913,Haleigh,Poure,hpourepc@nationalgeographic.com,Agender,32.180.59.174
914,Emmye,Prattin,eprattinpd@usnews.com,Genderqueer,180.8.241.34
915,Ansley,Mattholie,amattholiepe@accuweather.com,Polygender,232.205.35.185
916,Toma,Boom,tboompf@github.com,Agender,243.174.70.55
917,Karalynn,Galilee,kgalileepg@smugmug.com,Non-binary,12.113.25.71
918,Frederic,Filippyev,ffilippyevph@ihg.com,Polygender,51.150.209.85
919,Jameson,Westgate,jwestgatepi@usda.gov,Female,71.244.250.163
920,Janka,Blamire,jblamirepj@naver.com,Genderqueer,117.143.86.79
921,Hiram,Jeannet,hjeannetpk@de.vu,Male,2.223.55.220
922,Emlynne,Elston,eelstonpl@photobucket.com,Male,50.76.43.145
923,Michaeline,Drillingcourt,mdrillingcourtpm@dot.gov,Bigender,195.237.164.61
924,Fifi,Lidington,flidingtonpn@ihg.com,Genderfluid,154.111.169.170
925,Archer,Brooking,abrookingpo@opensource.org,Genderfluid,193.10.254.170
926,Thor,Tather,ttatherpp@google.it,Polygender,83.41.37.33
927,Norma,Saterthwait,nsaterthwaitpq@cnn.com,Genderqueer,235.86.107.255
928,Burk,Christley,bchristleypr@nih.gov,Polygender,92.93.34.18
929,Chauncey,Scrammage,cscrammageps@dailymail.co.uk,Male,251.191.252.138
930,Ossie,Milam,omilampt@bing.com,Genderfluid,158.98.189.206
931,Amy,Node,anodepu@addtoany.com,Polygender,125.17.48.104
932,Pet,Impy,pimpypv@disqus.com,Genderfluid,83.157.71.213
933,Paulina,Hazeltine,phazeltinepw@archive.org,Bigender,240.249.43.88
934,Ranice,Tillyer,rtillyerpx@aol.com,Female,12.29.39.29
935,Woodman,Andrat,wandratpy@webnode.com,Agender,62.117.39.41
936,Juieta,Skyrme,jskyrmepz@imgur.com,Genderfluid,14.77.185.126
937,Nealy,Bertolin,nbertolinq0@yahoo.co.jp,Male,220.172.117.154
938,Kacy,Novis,knovisq1@prweb.com,Non-binary,214.34.227.223
939,Laura,Jeanet,ljeanetq2@creativecommons.org,Genderfluid,219.100.111.2
940,Vickie,Crowcroft,vcrowcroftq3@youtube.com,Female,221.169.49.71
941,Marchelle,Urwen,murwenq4@ihg.com,Bigender,168.243.130.128
942,Sandra,Haward,shawardq5@w3.org,Bigender,40.191.83.164
943,Huntington,Udy,hudyq6@salon.com,Genderfluid,16.220.47.25
944,Isobel,Ackeroyd,iackeroydq7@furl.net,Genderqueer,28.170.186.74
945,Elisa,Morsey,emorseyq8@sitemeter.com,Polygender,186.229.224.109
946,Heath,Boxer,hboxerq9@github.com,Agender,181.119.229.164
947,Bethina,Waleran,bwaleranqa@stumbleupon.com,Female,235.103.164.102
948,Nat,Benardette,nbenardetteqb@alexa.com,Male,206.25.121.120
949,Celinka,Wiggin,cwigginqc@dell.com,Female,5.145.203.137
950,Giulio,Minto,gmintoqd@simplemachines.org,Genderqueer,224.219.88.18
951,Wilbert,Kender,wkenderqe@sogou.com,Non-binary,226.129.185.137
952,Frederick,Jaqueme,fjaquemeqf@cdbaby.com,Non-binary,232.36.189.200
953,Jose,Tatem,jtatemqg@reference.com,Bigender,124.112.126.86
954,Julita,Killshaw,jkillshawqh@newyorker.com,Female,131.119.28.223
955,Ninetta,Vel,nvelqi@so-net.ne.jp,Male,76.135.237.182
956,Odella,Loffill,oloffillqj@cbc.ca,Genderfluid,171.229.196.138
957,Robinetta,Haskayne,rhaskayneqk@twitpic.com,Genderqueer,44.240.240.13
958,Aubine,Wellan,awellanql@google.pl,Agender,61.177.233.121
959,Tessie,Manzell,tmanzellqm@cloudflare.com,Female,57.5.244.176
960,Parsifal,Thick,pthickqn@nyu.edu,Male,135.20.205.237
961,Andras,Langsdon,alangsdonqo@simplemachines.org,Male,3.211.200.218
962,Tito,Steers,tsteersqp@economist.com,Female,136.85.23.148
963,Hilly,Brosini,hbrosiniqq@webmd.com,Polygender,153.87.115.93
964,Fania,Kerrod,fkerrodqr@csmonitor.com,Agender,118.32.231.20
965,Jed,Laingmaid,jlaingmaidqs@opera.com,Non-binary,251.98.18.203
966,Dilan,Wetherell,dwetherellqt@de.vu,Polygender,126.178.136.27
967,Gusti,Ledson,gledsonqu@last.fm,Female,164.224.16.75
968,Wadsworth,Stubs,wstubsqv@indiegogo.com,Non-binary,180.212.47.0
969,Joelie,Hedditch,jhedditchqw@nyu.edu,Polygender,92.173.169.157
970,Rafi,M'cowis,rmcowisqx@google.cn,Agender,133.36.187.211
971,Ebeneser,Melin,emelinqy@sogou.com,Male,61.252.121.186
972,Sancho,Brockway,sbrockwayqz@sciencedaily.com,Genderqueer,95.16.57.82
973,Timi,Tamblyn,ttamblynr0@surveymonkey.com,Agender,19.165.61.236
974,Nanci,Ewestace,newestacer1@about.me,Polygender,156.78.59.40
975,Diena,Barrows,dbarrowsr2@smugmug.com,Bigender,249.238.165.224
976,Dorothea,Aveson,davesonr3@boston.com,Bigender,81.87.219.5
977,Aube,Alsop,aalsopr4@networksolutions.com,Agender,88.172.97.46
978,Jerrie,Charlot,jcharlotr5@blogs.com,Agender,206.247.36.23
979,Agnola,Briscow,abriscowr6@thetimes.co.uk,Agender,85.72.51.107
980,Orv,Grattage,ograttager7@imgur.com,Non-binary,129.238.33.211
981,Dory,Twyford,dtwyfordr8@bloglovin.com,Non-binary,162.136.110.153
982,Iggie,Hadkins,ihadkinsr9@mlb.com,Male,72.40.238.139
983,Joyan,Sinderson,jsindersonra@washingtonpost.com,Bigender,149.150.231.58
984,Bartolemo,Surgener,bsurgenerrb@123-reg.co.uk,Agender,72.82.224.18
985,Mylo,Lough,mloughrc@squidoo.com,Genderfluid,80.193.81.78
986,Gilbertina,Blues,gbluesrd@hexun.com,Genderfluid,218.106.242.63
987,Randi,Engeham,rengehamre@examiner.com,Female,199.254.245.180
988,Walther,Yakushkin,wyakushkinrf@a8.net,Genderfluid,195.228.240.61
989,Bertrando,McGeneay,bmcgeneayrg@zdnet.com,Bigender,86.148.26.231
990,Anatola,Beefon,abeefonrh@sbwire.com,Male,64.158.16.81
991,Bartholomeus,Haney,bhaneyri@shutterfly.com,Male,144.167.98.250
992,Kinnie,McCreadie,kmccreadierj@acquirethisname.com,Male,239.116.16.82
993,Mufi,Jochanany,mjochananyrk@naver.com,Female,237.220.69.210
994,Clayborne,Ahrend,cahrendrl@hao123.com,Female,79.208.34.237
995,Ben,Compston,bcompstonrm@naver.com,Agender,9.170.243.249
996,Faydra,Oram,foramrn@wikia.com,Bigender,125.176.89.215
997,Danica,Goldsmith,dgoldsmithro@weather.com,Genderqueer,123.89.61.146
998,Flori,Bonafacino,fbonafacinorp@elegantthemes.com,Bigender,66.224.120.210
999,Lani,Amyes,lamyesrq@earthlink.net,Female,159.63.126.49
1000,Cymbre,Kuhnhardt,ckuhnhardtrr@economist.com,Genderqueer,75.107.221.220
